Name,Email (guess),Contact URL
Nicholas J. Begich III,nicholas.begich@mail.house.gov,
Barry Moore,barry.moore@mail.house.gov,
Shomari Figures,shomari.figures@mail.house.gov,
Mike Rogers,mike.rogers@mail.house.gov,
Robert B. Aderholt,robert.aderholt@mail.house.gov,
Dale W. Strong,dale.strong@mail.house.gov,
Gary J. Palmer,gary.palmer@mail.house.gov,
Terri A. Sewell,terri.sewell@mail.house.gov,
"Eric A. ""Rick"" Crawford",eric.crawford@mail.house.gov,
J. French Hill,french.hill@mail.house.gov,
Steve Womack,steve.womack@mail.house.gov,
Bruce Westerman,bruce.westerman@mail.house.gov,
Aumua Amata Coleman Radewagen,aumua.radewagen@mail.house.gov,
David Schweikert,david.schweikert@mail.house.gov,
Elijah Crane,elijah.crane@mail.house.gov,
Yassamin Ansari,yassamin.ansari@mail.house.gov,
Greg Stanton,greg.stanton@mail.house.gov,
Andy Biggs,andy.biggs@mail.house.gov,
Juan Ciscomani,juan.ciscomani@mail.house.gov,
Abraham J. Hamadeh,abraham.hamadeh@mail.house.gov,
Paul A. Gosar,paul.gosar@mail.house.gov,
Doug LaMalfa,doug.lamalfa@mail.house.gov,
Jared Huffman,jared.huffman@mail.house.gov,
Kevin Kiley,kevin.kiley@mail.house.gov,
Mike Thompson,mike.thompson@mail.house.gov,
Tom McClintock,tom.mcclintock@mail.house.gov,
Ami Bera,ami.bera@mail.house.gov,
Doris O. Matsui,doris.matsui@mail.house.gov,
John Garamendi,john.garamendi@mail.house.gov,
Josh Harder,josh.harder@mail.house.gov,
Mark DeSaulnier,mark.desaulnier@mail.house.gov,
Nancy Pelosi,nancy.pelosi@mail.house.gov,
Lateefah Simon,lateefah.simon@mail.house.gov,
Adam Gray,adam.gray@mail.house.gov,
Eric Swalwell,eric.swalwell@mail.house.gov,
Kevin Mullin,kevin.mullin@mail.house.gov,
Sam T. Liccardo,sam.liccardo@mail.house.gov,
Ro Khanna,ro.khanna@mail.house.gov,
Zoe Lofgren,zoe.lofgren@mail.house.gov,
Jimmy Panetta,jimmy.panetta@mail.house.gov,
Vince Fong,vince.fong@mail.house.gov,
Jim Costa,jim.costa@mail.house.gov,
David G. Valadao,david.valadao@mail.house.gov,
Jay Obernolte,jay.obernolte@mail.house.gov,
Salud O. Carbajal,salud.carbajal@mail.house.gov,
Raul Ruiz,raul.ruiz@mail.house.gov,
Julia Brownley,julia.brownley@mail.house.gov,
George Whitesides,george.whitesides@mail.house.gov,
Judy Chu,judy.chu@mail.house.gov,
Luz M. Rivas,luz.rivas@mail.house.gov,
Laura Friedman,laura.friedman@mail.house.gov,
"Gilbert Ray Cisneros, Jr.",gilbert.cisneros@mail.house.gov,
Brad Sherman,brad.sherman@mail.house.gov,
Pete Aguilar,pete.aguilar@mail.house.gov,
Jimmy Gomez,jimmy.gomez@mail.house.gov,
Norma J. Torres,norma.torres@mail.house.gov,
Ted Lieu,ted.lieu@mail.house.gov,
Sydney Kamlager-Dove,sydney.kamlagerdove@mail.house.gov,
Linda T. Sánchez,linda.sanchez@mail.house.gov,
Mark Takano,mark.takano@mail.house.gov,
Young Kim,young.kim@mail.house.gov,
Ken Calvert,ken.calvert@mail.house.gov,
Robert Garcia,robert.garcia@mail.house.gov,
Maxine Waters,maxine.waters@mail.house.gov,
Nanette Diaz Barragán,nanette.barragan@mail.house.gov,
Derek Tran,derek.tran@mail.house.gov,
J. Luis Correa,luis.correa@mail.house.gov,
Dave Min,dave.min@mail.house.gov,
Darrell Issa,darrell.issa@mail.house.gov,
Mike Levin,mike.levin@mail.house.gov,
Scott H. Peters,scott.peters@mail.house.gov,
Sara Jacobs,sara.jacobs@mail.house.gov,
Juan Vargas,juan.vargas@mail.house.gov,
Diana DeGette,diana.degette@mail.house.gov,
Joe Neguse,joe.neguse@mail.house.gov,
Jeff Hurd,jeff.hurd@mail.house.gov,
Lauren Boebert,lauren.boebert@mail.house.gov,
Jeff Crank,jeff.crank@mail.house.gov,
Jason Crow,jason.crow@mail.house.gov,
Brittany Pettersen,brittany.pettersen@mail.house.gov,
Gabe Evans,gabe.evans@mail.house.gov,
John B. Larson,john.larson@mail.house.gov,
Joe Courtney,joe.courtney@mail.house.gov,
Rosa L. DeLauro,rosa.delauro@mail.house.gov,
James A. Himes,james.himes@mail.house.gov,
Jahana Hayes,jahana.hayes@mail.house.gov,
Eleanor Holmes Norton,eleanor.norton@mail.house.gov,
Sarah McBride,sarah.mcbride@mail.house.gov,
Jimmy Patronis,jimmy.patronis@mail.house.gov,
Neal P. Dunn,neal.dunn@mail.house.gov,
Kat Cammack,kat.cammack@mail.house.gov,
Aaron Bean,aaron.bean@mail.house.gov,
John H. Rutherford,john.rutherford@mail.house.gov,
Randy Fine,randy.fine@mail.house.gov,
Cory Mills,cory.mills@mail.house.gov,
Mike Haridopolos,mike.haridopolos@mail.house.gov,
Darren Soto,darren.soto@mail.house.gov,
Maxwell Frost,maxwell.frost@mail.house.gov,
Daniel Webster,daniel.webster@mail.house.gov,
Gus M. Bilirakis,gus.bilirakis@mail.house.gov,
Anna Paulina Luna,anna.luna@mail.house.gov,
Kathy Castor,kathy.castor@mail.house.gov,
Laurel M. Lee,laurel.lee@mail.house.gov,
Vern Buchanan,vern.buchanan@mail.house.gov,
W. Gregory Steube,gregory.steube@mail.house.gov,
Scott Franklin,scott.franklin@mail.house.gov,
Byron Donalds,byron.donalds@mail.house.gov,
Sheila Cherfilus-McCormick,sheila.cherfilusmccormick@mail.house.gov,
Brian J. Mast,brian.mast@mail.house.gov,
Lois Frankel,lois.frankel@mail.house.gov,
Jared Moskowitz,jared.moskowitz@mail.house.gov,
Frederica S. Wilson,frederica.wilson@mail.house.gov,
Debbie Wasserman Schultz,debbie.schultz@mail.house.gov,
Mario Diaz-Balart,mario.diazbalart@mail.house.gov,
Maria Elvira Salazar,maria.salazar@mail.house.gov,
Carlos A. Gimenez,carlos.gimenez@mail.house.gov,
"Earl L. ""Buddy"" Carter",earl.carter@mail.house.gov,
"Sanford D. Bishop, Jr.",sanford.bishop@mail.house.gov,
Brian Jack,brian.jack@mail.house.gov,
"Henry C. ""Hank"" Johnson, Jr.",henry.johnson@mail.house.gov,
Nikema Williams,nikema.williams@mail.house.gov,
Lucy McBath,lucy.mcbath@mail.house.gov,
Richard McCormick,richard.mccormick@mail.house.gov,
Austin Scott,austin.scott@mail.house.gov,
Andrew S. Clyde,andrew.clyde@mail.house.gov,
Mike Collins,mike.collins@mail.house.gov,
Barry Loudermilk,barry.loudermilk@mail.house.gov,
Rick W. Allen,rick.allen@mail.house.gov,
David Scott,david.scott@mail.house.gov,
Marjorie Taylor Greene,marjorie.greene@mail.house.gov,
James C. Moylan,james.moylan@mail.house.gov,
Ed Case,ed.case@mail.house.gov,
Jill N. Tokuda,jill.tokuda@mail.house.gov,
Mariannette Miller-Meeks,mariannette.millermeeks@mail.house.gov,
Ashley Hinson,ashley.hinson@mail.house.gov,
Zachary Nunn,zachary.nunn@mail.house.gov,
Randy Feenstra,randy.feenstra@mail.house.gov,
Russ Fulcher,russ.fulcher@mail.house.gov,
Michael K. Simpson,michael.simpson@mail.house.gov,
Jonathan L. Jackson,jonathan.jackson@mail.house.gov,
Robin L. Kelly,robin.kelly@mail.house.gov,
Delia C. Ramirez,delia.ramirez@mail.house.gov,
"Jesús G. ""Chuy"" García",jesus.garcia@mail.house.gov,
Mike Quigley,mike.quigley@mail.house.gov,
Sean Casten,sean.casten@mail.house.gov,
Danny K. Davis,danny.davis@mail.house.gov,
Raja Krishnamoorthi,raja.krishnamoorthi@mail.house.gov,
Janice D. Schakowsky,janice.schakowsky@mail.house.gov,
Bradley Scott Schneider,bradley.schneider@mail.house.gov,
Bill Foster,bill.foster@mail.house.gov,
Mike Bost,mike.bost@mail.house.gov,
Nikki Budzinski,nikki.budzinski@mail.house.gov,
Lauren Underwood,lauren.underwood@mail.house.gov,
Mary E. Miller,mary.miller@mail.house.gov,
Darin LaHood,darin.lahood@mail.house.gov,
Eric Sorensen,eric.sorensen@mail.house.gov,
Frank J. Mrvan,frank.mrvan@mail.house.gov,
Rudy Yakym III,rudy.yakym@mail.house.gov,
Marlin A. Stutzman,marlin.stutzman@mail.house.gov,
James R. Baird,james.baird@mail.house.gov,
Victoria Spartz,victoria.spartz@mail.house.gov,
Jefferson Shreve,jefferson.shreve@mail.house.gov,
André Carson,andre.carson@mail.house.gov,
Mark B. Messmer,mark.messmer@mail.house.gov,
Erin Houchin,erin.houchin@mail.house.gov,
Tracey Mann,tracey.mann@mail.house.gov,
Derek Schmidt,derek.schmidt@mail.house.gov,
Sharice Davids,sharice.davids@mail.house.gov,
Ron Estes,ron.estes@mail.house.gov,
James Comer,james.comer@mail.house.gov,
Brett Guthrie,brett.guthrie@mail.house.gov,
Morgan McGarvey,morgan.mcgarvey@mail.house.gov,
Thomas Massie,thomas.massie@mail.house.gov,
Harold Rogers,harold.rogers@mail.house.gov,
Andy Barr,andy.barr@mail.house.gov,
Steve Scalise,steve.scalise@mail.house.gov,
Troy A. Carter,troy.carter@mail.house.gov,
Clay Higgins,clay.higgins@mail.house.gov,
Mike Johnson,mike.johnson@mail.house.gov,
Julia Letlow,julia.letlow@mail.house.gov,
Cleo Fields,cleo.fields@mail.house.gov,
Richard E. Neal,richard.neal@mail.house.gov,
James P. McGovern,james.mcgovern@mail.house.gov,
Lori Trahan,lori.trahan@mail.house.gov,
Jake Auchincloss,jake.auchincloss@mail.house.gov,
Katherine M. Clark,katherine.clark@mail.house.gov,
Seth Moulton,seth.moulton@mail.house.gov,
Ayanna Pressley,ayanna.pressley@mail.house.gov,
Stephen F. Lynch,stephen.lynch@mail.house.gov,
William R. Keating,william.keating@mail.house.gov,
Andy Harris,andy.harris@mail.house.gov,
"Johnny Olszewski, Jr.",johnny.olszewski@mail.house.gov,
Sarah Elfreth,sarah.elfreth@mail.house.gov,
Glenn Ivey,glenn.ivey@mail.house.gov,
Steny H. Hoyer,steny.hoyer@mail.house.gov,
April McClain Delaney,april.delaney@mail.house.gov,
Kweisi Mfume,kweisi.mfume@mail.house.gov,
Jamie Raskin,jamie.raskin@mail.house.gov,
Chellie Pingree,chellie.pingree@mail.house.gov,
Jared F. Golden,jared.golden@mail.house.gov,
Jack Bergman,jack.bergman@mail.house.gov,
John R. Moolenaar,john.moolenaar@mail.house.gov,
Hillary J. Scholten,hillary.scholten@mail.house.gov,
Bill Huizenga,bill.huizenga@mail.house.gov,
Tim Walberg,tim.walberg@mail.house.gov,
Debbie Dingell,debbie.dingell@mail.house.gov,
Tom Barrett,tom.barrett@mail.house.gov,
Kristen McDonald Rivet,kristen.rivet@mail.house.gov,
Lisa C. McClain,lisa.mcclain@mail.house.gov,
John James,john.james@mail.house.gov,
Haley M. Stevens,haley.stevens@mail.house.gov,
Rashida Tlaib,rashida.tlaib@mail.house.gov,
Shri Thanedar,shri.thanedar@mail.house.gov,
Brad Finstad,brad.finstad@mail.house.gov,
Angie Craig,angie.craig@mail.house.gov,
Kelly Morrison,kelly.morrison@mail.house.gov,
Betty McCollum,betty.mccollum@mail.house.gov,
Ilhan Omar,ilhan.omar@mail.house.gov,
Tom Emmer,tom.emmer@mail.house.gov,
Michelle Fischbach,michelle.fischbach@mail.house.gov,
Pete Stauber,pete.stauber@mail.house.gov,
Wesley Bell,wesley.bell@mail.house.gov,
Ann Wagner,ann.wagner@mail.house.gov,
"Robert F. Onder, Jr.",robert.onder@mail.house.gov,
Mark Alford,mark.alford@mail.house.gov,
Emanuel Cleaver,emanuel.cleaver@mail.house.gov,
Sam Graves,sam.graves@mail.house.gov,
Eric Burlison,eric.burlison@mail.house.gov,
Jason Smith,jason.smith@mail.house.gov,
Kimberlyn King-Hinds,kimberlyn.kinghinds@mail.house.gov,
Trent Kelly,trent.kelly@mail.house.gov,
Bennie G. Thompson,bennie.thompson@mail.house.gov,
Michael Guest,michael.guest@mail.house.gov,
Mike Ezell,mike.ezell@mail.house.gov,
Ryan K. Zinke,ryan.zinke@mail.house.gov,
Troy Downing,troy.downing@mail.house.gov,
Donald G. Davis,donald.davis@mail.house.gov,
Deborah K. Ross,deborah.ross@mail.house.gov,
Gregory F. Murphy,gregory.murphy@mail.house.gov,
Valerie P. Foushee,valerie.foushee@mail.house.gov,
Virginia Foxx,virginia.foxx@mail.house.gov,
Addison P. McDowell,addison.mcdowell@mail.house.gov,
David Rouzer,david.rouzer@mail.house.gov,
Mark Harris,mark.harris@mail.house.gov,
Richard Hudson,richard.hudson@mail.house.gov,
Pat Harrigan,pat.harrigan@mail.house.gov,
Chuck Edwards,chuck.edwards@mail.house.gov,
Alma S. Adams,alma.adams@mail.house.gov,
Brad Knott,brad.knott@mail.house.gov,
Tim Moore,tim.moore@mail.house.gov,
Julie Fedorchak,julie.fedorchak@mail.house.gov,
Mike Flood,mike.flood@mail.house.gov,
Don Bacon,don.bacon@mail.house.gov,
Adrian Smith,adrian.smith@mail.house.gov,
Chris Pappas,chris.pappas@mail.house.gov,
Maggie Goodlander,maggie.goodlander@mail.house.gov,
Donald Norcross,donald.norcross@mail.house.gov,
Jefferson Van Drew,jefferson.vandrew@mail.house.gov,
"Herbert C. Conaway, Jr.",herbert.conaway@mail.house.gov,
Christopher H. Smith,christopher.smith@mail.house.gov,
Josh Gottheimer,josh.gottheimer@mail.house.gov,
"Frank Pallone, Jr.",frank.pallone@mail.house.gov,
"Thomas H. Kean, Jr.",thomas.kean@mail.house.gov,
Robert Menendez,robert.menendez@mail.house.gov,
Nellie Pou,nellie.pou@mail.house.gov,
LaMonica McIver,lamonica.mciver@mail.house.gov,
Mikie Sherrill,mikie.sherrill@mail.house.gov,
Bonnie Watson Coleman,bonnie.coleman@mail.house.gov,
Melanie A. Stansbury,melanie.stansbury@mail.house.gov,
Gabe Vasquez,gabe.vasquez@mail.house.gov,
Teresa Leger Fernandez,teresa.fernandez@mail.house.gov,
Dina Titus,dina.titus@mail.house.gov,
Mark E. Amodei,mark.amodei@mail.house.gov,
Susie Lee,susie.lee@mail.house.gov,
Steven Horsford,steven.horsford@mail.house.gov,
Nick LaLota,nick.lalota@mail.house.gov,
Andrew R. Garbarino,andrew.garbarino@mail.house.gov,
Thomas R. Suozzi,thomas.suozzi@mail.house.gov,
Laura Gillen,laura.gillen@mail.house.gov,
Gregory W. Meeks,gregory.meeks@mail.house.gov,
Grace Meng,grace.meng@mail.house.gov,
Nydia M. Velázquez,nydia.velazquez@mail.house.gov,
Hakeem S. Jeffries,hakeem.jeffries@mail.house.gov,
Yvette D. Clarke,yvette.clarke@mail.house.gov,
Daniel S. Goldman,daniel.goldman@mail.house.gov,
Nicole Malliotakis,nicole.malliotakis@mail.house.gov,
Jerrold Nadler,jerrold.nadler@mail.house.gov,
Adriano Espaillat,adriano.espaillat@mail.house.gov,
Alexandria Ocasio-Cortez,alexandria.ocasiocortez@mail.house.gov,
Ritchie Torres,ritchie.torres@mail.house.gov,
George Latimer,george.latimer@mail.house.gov,
Michael Lawler,michael.lawler@mail.house.gov,
Patrick Ryan,patrick.ryan@mail.house.gov,
Josh Riley,josh.riley@mail.house.gov,
Paul Tonko,paul.tonko@mail.house.gov,
Elise M. Stefanik,elise.stefanik@mail.house.gov,
John W. Mannion,john.mannion@mail.house.gov,
Nicholas A. Langworthy,nicholas.langworthy@mail.house.gov,
Claudia Tenney,claudia.tenney@mail.house.gov,
Joseph D. Morelle,joseph.morelle@mail.house.gov,
Timothy M. Kennedy,timothy.kennedy@mail.house.gov,
Greg Landsman,greg.landsman@mail.house.gov,
David J. Taylor,david.taylor@mail.house.gov,
Joyce Beatty,joyce.beatty@mail.house.gov,
Jim Jordan,jim.jordan@mail.house.gov,
Robert E. Latta,robert.latta@mail.house.gov,
Michael A. Rulli,michael.rulli@mail.house.gov,
Max L. Miller,max.miller@mail.house.gov,
Warren Davidson,warren.davidson@mail.house.gov,
Marcy Kaptur,marcy.kaptur@mail.house.gov,
Michael R. Turner,michael.turner@mail.house.gov,
Shontel M. Brown,shontel.brown@mail.house.gov,
Troy Balderson,troy.balderson@mail.house.gov,
Emilia Strong Sykes,emilia.sykes@mail.house.gov,
David P. Joyce,david.joyce@mail.house.gov,
Mike Carey,mike.carey@mail.house.gov,
Kevin Hern,kevin.hern@mail.house.gov,
Josh Brecheen,josh.brecheen@mail.house.gov,
Frank D. Lucas,frank.lucas@mail.house.gov,
Tom Cole,tom.cole@mail.house.gov,
Stephanie I. Bice,stephanie.bice@mail.house.gov,
Suzanne Bonamici,suzanne.bonamici@mail.house.gov,
Cliff Bentz,cliff.bentz@mail.house.gov,
Maxine Dexter,maxine.dexter@mail.house.gov,
Val T. Hoyle,val.hoyle@mail.house.gov,
Janelle S. Bynum,janelle.bynum@mail.house.gov,
Andrea Salinas,andrea.salinas@mail.house.gov,
Brian K. Fitzpatrick,brian.fitzpatrick@mail.house.gov,
Brendan F. Boyle,brendan.boyle@mail.house.gov,
Dwight Evans,dwight.evans@mail.house.gov,
Madeleine Dean,madeleine.dean@mail.house.gov,
Mary Gay Scanlon,mary.scanlon@mail.house.gov,
Chrissy Houlahan,chrissy.houlahan@mail.house.gov,
Ryan Mackenzie,ryan.mackenzie@mail.house.gov,
"Robert P. Bresnahan, Jr.",robert.bresnahan@mail.house.gov,
Daniel Meuser,daniel.meuser@mail.house.gov,
Scott Perry,scott.perry@mail.house.gov,
Lloyd Smucker,lloyd.smucker@mail.house.gov,
Summer L. Lee,summer.lee@mail.house.gov,
John Joyce,john.joyce@mail.house.gov,
Guy Reschenthaler,guy.reschenthaler@mail.house.gov,
Glenn Thompson,glenn.thompson@mail.house.gov,
Mike Kelly,mike.kelly@mail.house.gov,
Christopher R. Deluzio,christopher.deluzio@mail.house.gov,
Pablo José Hernández,pablo.hernandez@mail.house.gov,
Gabe Amo,gabe.amo@mail.house.gov,
Seth Magaziner,seth.magaziner@mail.house.gov,
Nancy Mace,nancy.mace@mail.house.gov,
Joe Wilson,joe.wilson@mail.house.gov,
Sheri Biggs,sheri.biggs@mail.house.gov,
William R. Timmons IV,william.timmons@mail.house.gov,
Ralph Norman,ralph.norman@mail.house.gov,
James E. Clyburn,james.clyburn@mail.house.gov,
Russell Fry,russell.fry@mail.house.gov,
Dusty Johnson,dusty.johnson@mail.house.gov,
Diana Harshbarger,diana.harshbarger@mail.house.gov,
Tim Burchett,tim.burchett@mail.house.gov,
"Charles J. ""Chuck"" Fleischmann",charles.fleischmann@mail.house.gov,
Scott DesJarlais,scott.desjarlais@mail.house.gov,
Andrew Ogles,andrew.ogles@mail.house.gov,
John W. Rose,john.rose@mail.house.gov,
David Kustoff,david.kustoff@mail.house.gov,
Steve Cohen,steve.cohen@mail.house.gov,
Nathaniel Moran,nathaniel.moran@mail.house.gov,
Dan Crenshaw,dan.crenshaw@mail.house.gov,
Keith Self,keith.self@mail.house.gov,
Pat Fallon,pat.fallon@mail.house.gov,
Lance Gooden,lance.gooden@mail.house.gov,
Jake Ellzey,jake.ellzey@mail.house.gov,
Lizzie Fletcher,lizzie.fletcher@mail.house.gov,
Morgan Luttrell,morgan.luttrell@mail.house.gov,
Al Green,al.green@mail.house.gov,
Michael T. McCaul,michael.mccaul@mail.house.gov,
August Pfluger,august.pfluger@mail.house.gov,
Craig A. Goldman,craig.goldman@mail.house.gov,
Ronny Jackson,ronny.jackson@mail.house.gov,
"Randy K. Weber, Sr.",randy.weber@mail.house.gov,
Monica De La Cruz,monica.lacruz@mail.house.gov,
Veronica Escobar,veronica.escobar@mail.house.gov,
Pete Sessions,pete.sessions@mail.house.gov,
Jodey C. Arrington,jodey.arrington@mail.house.gov,
Joaquin Castro,joaquin.castro@mail.house.gov,
Chip Roy,chip.roy@mail.house.gov,
Troy E. Nehls,troy.nehls@mail.house.gov,
Tony Gonzales,tony.gonzales@mail.house.gov,
Beth Van Duyne,beth.vanduyne@mail.house.gov,
Roger Williams,roger.williams@mail.house.gov,
Brandon Gill,brandon.gill@mail.house.gov,
Michael Cloud,michael.cloud@mail.house.gov,
Henry Cuellar,henry.cuellar@mail.house.gov,
Sylvia R. Garcia,sylvia.garcia@mail.house.gov,
Jasmine Crockett,jasmine.crockett@mail.house.gov,
John R. Carter,john.carter@mail.house.gov,
Julie Johnson,julie.johnson@mail.house.gov,
Marc A. Veasey,marc.veasey@mail.house.gov,
Vicente Gonzalez,vicente.gonzalez@mail.house.gov,
Greg Casar,greg.casar@mail.house.gov,
Brian Babin,brian.babin@mail.house.gov,
Lloyd Doggett,lloyd.doggett@mail.house.gov,
Wesley Hunt,wesley.hunt@mail.house.gov,
Blake D. Moore,blake.moore@mail.house.gov,
Celeste Maloy,celeste.maloy@mail.house.gov,
Mike Kennedy,mike.kennedy@mail.house.gov,
Burgess Owens,burgess.owens@mail.house.gov,
Robert J. Wittman,robert.wittman@mail.house.gov,
Jennifer A. Kiggans,jennifer.kiggans@mail.house.gov,
"Robert C. ""Bobby"" Scott",robert.scott@mail.house.gov,
Jennifer L. McClellan,jennifer.mcclellan@mail.house.gov,
John J. McGuire III,john.mcguire@mail.house.gov,
Ben Cline,ben.cline@mail.house.gov,
Eugene Simon Vindman,eugene.vindman@mail.house.gov,
"Donald S. Beyer, Jr.",donald.beyer@mail.house.gov,
H. Morgan Griffith,morgan.griffith@mail.house.gov,
Suhas Subramanyam,suhas.subramanyam@mail.house.gov,
Stacey E. Plaskett,stacey.plaskett@mail.house.gov,
Becca Balint,becca.balint@mail.house.gov,
Suzan K. DelBene,suzan.delbene@mail.house.gov,
Rick Larsen,rick.larsen@mail.house.gov,
Marie Gluesenkamp Perez,marie.perez@mail.house.gov,
Dan Newhouse,dan.newhouse@mail.house.gov,
Michael Baumgartner,michael.baumgartner@mail.house.gov,
Emily Randall,emily.randall@mail.house.gov,
Pramila Jayapal,pramila.jayapal@mail.house.gov,
Kim Schrier,kim.schrier@mail.house.gov,
Adam Smith,adam.smith@mail.house.gov,
Marilyn Strickland,marilyn.strickland@mail.house.gov,
Bryan Steil,bryan.steil@mail.house.gov,
Mark Pocan,mark.pocan@mail.house.gov,
Derrick Van Orden,derrick.vanorden@mail.house.gov,
Gwen Moore,gwen.moore@mail.house.gov,
Scott Fitzgerald,scott.fitzgerald@mail.house.gov,
Glenn Grothman,glenn.grothman@mail.house.gov,
Thomas P. Tiffany,thomas.tiffany@mail.house.gov,
Tony Wied,tony.wied@mail.house.gov,
Carol D. Miller,carol.miller@mail.house.gov,
Riley M. Moore,riley.moore@mail.house.gov,
Harriet M. Hageman,harriet.hageman@mail.house.gov,
